{
  "___settings": {
    "reloadOnSleep": 30,
    "reconnectInterval": 10000,
    "darkReloadScreen": false,
    "destroyViewsAfter": 30,
    "statesDebounceTime": 1000
  },
  "Log-Script": {
    "settings": {
      "style": {},
      "theme": "redmond",
      "sizex": "",
      "sizey": "",
      "gridSize": "",
      "snapType": null,
      "useBackground": false
    },
    "widgets": {
      "w00001": {
        "tpl": "tplValueString",
        "data": {
          "oid": "",
          "g_fixed": true,
          "g_visibility": true,
          "g_css_font_text": true,
          "g_css_background": false,
          "g_css_shadow_padding": false,
          "g_css_border": false,
          "g_gestures": false,
          "g_signals": false,
          "g_last_change": false,
          "visibility-cond": "==",
          "visibility-val": "0",
          "visibility-groups-action": "hide",
          "signals-cond-0": "==",
          "signals-val-0": true,
          "signals-icon-0": "/vis.0/Log-Script/lowbattery.png",
          "signals-icon-size-0": 0,
          "signals-blink-0": false,
          "signals-horz-0": 0,
          "signals-vert-0": 0,
          "signals-hide-edit-0": false,
          "signals-cond-1": "==",
          "signals-val-1": true,
          "signals-icon-1": "/vis.0/Log-Script/lowbattery.png",
          "signals-icon-size-1": 0,
          "signals-blink-1": false,
          "signals-horz-1": 0,
          "signals-vert-1": 0,
          "signals-hide-edit-1": false,
          "signals-cond-2": "==",
          "signals-val-2": true,
          "signals-icon-2": "/vis.0/Log-Script/lowbattery.png",
          "signals-icon-size-2": 0,
          "signals-blink-2": false,
          "signals-horz-2": 0,
          "signals-vert-2": 0,
          "signals-hide-edit-2": false,
          "lc-type": "last-change",
          "lc-is-interval": true,
          "lc-is-moment": false,
          "lc-format": "",
          "lc-position-vert": "top",
          "lc-position-horz": "right",
          "lc-offset-vert": 0,
          "lc-offset-horz": 0,
          "lc-font-size": "12px",
          "lc-font-family": "",
          "lc-font-style": "",
          "lc-bkg-color": "",
          "lc-color": "",
          "lc-border-width": "0",
          "lc-border-style": "",
          "lc-border-color": "",
          "lc-border-radius": 10,
          "lc-zindex": 0,
          "html_prepend": "ioBroker Log Script",
          "html_append": "",
          "visibility-oid": "",
          "class": "",
          "labelColorTrue": "#fff"
        },
        "style": {
          "left": "35px",
          "top": "20px",
          "z-index": "9",
          "color": "#fff",
          "font-family": "Jura-DemiBold",
          "font-size": "28px",
          "width": "340px",
          "height": "38px",
          "text-align": "left",
          "opacity": ""
        },
        "widgetSet": "basic"
      },
      "w00002": {
        "tpl": "tplFrame",
        "data": {
          "g_fixed": true,
          "g_visibility": false,
          "g_css_font_text": false,
          "g_css_background": true,
          "g_css_shadow_padding": true,
          "g_css_border": true,
          "g_gestures": false,
          "g_signals": false,
          "g_last_change": false,
          "visibility-cond": "==",
          "visibility-val": 1,
          "visibility-groups-action": "hide",
          "title": "",
          "title_color": "black",
          "title_top": "-10",
          "title_left": "15",
          "header_height": "0",
          "header_color": "black",
          "signals-cond-0": "==",
          "signals-val-0": true,
          "signals-icon-0": "/vis.0/Log-Script/lowbattery.png",
          "signals-icon-size-0": 0,
          "signals-blink-0": false,
          "signals-horz-0": 0,
          "signals-vert-0": 0,
          "signals-hide-edit-0": false,
          "signals-cond-1": "==",
          "signals-val-1": true,
          "signals-icon-1": "/vis.0/Log-Script/lowbattery.png",
          "signals-icon-size-1": 0,
          "signals-blink-1": false,
          "signals-horz-1": 0,
          "signals-vert-1": 0,
          "signals-hide-edit-1": false,
          "signals-cond-2": "==",
          "signals-val-2": true,
          "signals-icon-2": "/vis.0/Log-Script/lowbattery.png",
          "signals-icon-size-2": 0,
          "signals-blink-2": false,
          "signals-horz-2": 0,
          "signals-vert-2": 0,
          "signals-hide-edit-2": false,
          "lc-type": "last-change",
          "lc-is-interval": true,
          "lc-is-moment": false,
          "lc-format": "",
          "lc-position-vert": "top",
          "lc-position-horz": "right",
          "lc-offset-vert": 0,
          "lc-offset-horz": 0,
          "lc-font-size": "12px",
          "lc-font-family": "",
          "lc-font-style": "",
          "lc-bkg-color": "",
          "lc-color": "",
          "lc-border-width": "0",
          "lc-border-style": "",
          "lc-border-color": "",
          "lc-border-radius": 10,
          "lc-zindex": 0,
          "class": "",
          "locked": false,
          "name": "B_Hintergrund1"
        },
        "style": {
          "left": "0px",
          "top": "65px",
          "width": "1200px",
          "height": "735px",
          "background": "",
          "z-index": "3",
          "opacity": "",
          "background-color": "#484A5C",
          "box-shadow": "",
          "border-style": "none"
        },
        "widgetSet": "basic"
      }
    },
    "name": "Log-Script",
    "activeWidgets": [],
    "filterList": []
  },
  "Log-Script_new": {
    "settings": {
      "style": {
        "background-color": "rgb(47, 48, 60)",
        "background-image": "",
        "background-repeat": "",
        "background-attachment": "",
        "background-position": "",
        "background-size": "",
        "background-clip": "",
        "background-origin": "",
        "background_class": ""
      },
      "theme": "redmond",
      "sizex": "1200",
      "sizey": "800",
      "gridSize": "",
      "snapType": null,
      "useBackground": false,
      "useAsDefault": true
    },
    "widgets": {
      "w00003": {
        "tpl": "tplValueString",
        "data": {
          "oid": "",
          "g_fixed": true,
          "g_visibility": true,
          "g_css_font_text": true,
          "g_css_background": false,
          "g_css_shadow_padding": false,
          "g_css_border": false,
          "g_gestures": false,
          "g_signals": false,
          "g_last_change": false,
          "visibility-cond": "==",
          "visibility-val": "0",
          "visibility-groups-action": "hide",
          "signals-cond-0": "==",
          "signals-val-0": true,
          "signals-icon-0": "/vis.0/Log-Script/lowbattery.png",
          "signals-icon-size-0": 0,
          "signals-blink-0": false,
          "signals-horz-0": 0,
          "signals-vert-0": 0,
          "signals-hide-edit-0": false,
          "signals-cond-1": "==",
          "signals-val-1": true,
          "signals-icon-1": "/vis.0/Log-Script/lowbattery.png",
          "signals-icon-size-1": 0,
          "signals-blink-1": false,
          "signals-horz-1": 0,
          "signals-vert-1": 0,
          "signals-hide-edit-1": false,
          "signals-cond-2": "==",
          "signals-val-2": true,
          "signals-icon-2": "/vis.0/Log-Script/lowbattery.png",
          "signals-icon-size-2": 0,
          "signals-blink-2": false,
          "signals-horz-2": 0,
          "signals-vert-2": 0,
          "signals-hide-edit-2": false,
          "lc-type": "last-change",
          "lc-is-interval": true,
          "lc-is-moment": false,
          "lc-format": "",
          "lc-position-vert": "top",
          "lc-position-horz": "right",
          "lc-offset-vert": 0,
          "lc-offset-horz": 0,
          "lc-font-size": "12px",
          "lc-font-family": "",
          "lc-font-style": "",
          "lc-bkg-color": "",
          "lc-color": "",
          "lc-border-width": "0",
          "lc-border-style": "",
          "lc-border-color": "",
          "lc-border-radius": 10,
          "lc-zindex": 0,
          "html_prepend": "ioBroker Log Script",
          "html_append": "",
          "visibility-oid": "",
          "class": "",
          "labelColorTrue": "#fff",
          "name": "txtTitle"
        },
        "style": {
          "left": "35px",
          "top": "20px",
          "z-index": "9",
          "color": "#fff",
          "font-family": "Jura-DemiBold",
          "font-size": "28px",
          "width": "340px",
          "height": "38px",
          "text-align": "left",
          "opacity": ""
        },
        "widgetSet": "basic"
      },
      "w00004": {
        "tpl": "tplFrame",
        "data": {
          "g_fixed": true,
          "g_visibility": false,
          "g_css_font_text": false,
          "g_css_background": true,
          "g_css_shadow_padding": true,
          "g_css_border": true,
          "g_gestures": false,
          "g_signals": false,
          "g_last_change": false,
          "visibility-cond": "==",
          "visibility-val": 1,
          "visibility-groups-action": "hide",
          "title": "",
          "title_color": "black",
          "title_top": "-10",
          "title_left": "15",
          "header_height": "0",
          "header_color": "black",
          "signals-cond-0": "==",
          "signals-val-0": true,
          "signals-icon-0": "/vis.0/Log-Script/lowbattery.png",
          "signals-icon-size-0": 0,
          "signals-blink-0": false,
          "signals-horz-0": 0,
          "signals-vert-0": 0,
          "signals-hide-edit-0": false,
          "signals-cond-1": "==",
          "signals-val-1": true,
          "signals-icon-1": "/vis.0/Log-Script/lowbattery.png",
          "signals-icon-size-1": 0,
          "signals-blink-1": false,
          "signals-horz-1": 0,
          "signals-vert-1": 0,
          "signals-hide-edit-1": false,
          "signals-cond-2": "==",
          "signals-val-2": true,
          "signals-icon-2": "/vis.0/Log-Script/lowbattery.png",
          "signals-icon-size-2": 0,
          "signals-blink-2": false,
          "signals-horz-2": 0,
          "signals-vert-2": 0,
          "signals-hide-edit-2": false,
          "lc-type": "last-change",
          "lc-is-interval": true,
          "lc-is-moment": false,
          "lc-format": "",
          "lc-position-vert": "top",
          "lc-position-horz": "right",
          "lc-offset-vert": 0,
          "lc-offset-horz": 0,
          "lc-font-size": "12px",
          "lc-font-family": "",
          "lc-font-style": "",
          "lc-bkg-color": "",
          "lc-color": "",
          "lc-border-width": "0",
          "lc-border-style": "",
          "lc-border-color": "",
          "lc-border-radius": 10,
          "lc-zindex": 0,
          "class": "",
          "locked": true,
          "name": "A_BG"
        },
        "style": {
          "left": "0px",
          "top": "65px",
          "width": "1156px",
          "height": "698px",
          "background": "linear-gradient(0deg, #2c2a3f, #4f344c, #2c2a3f)",
          "z-index": "3",
          "opacity": "",
          "background-color": "",
          "box-shadow": "0px 0px 23px 6px rgba(0,0,0,0.75)",
          "border-style": "none",
          "border-radius": "8px"
        },
        "widgetSet": "basic"
      },
      "w00005": {
        "tpl": "tplFrame",
        "data": {
          "g_fixed": true,
          "g_visibility": false,
          "g_css_font_text": false,
          "g_css_background": true,
          "g_css_shadow_padding": false,
          "g_css_border": true,
          "g_gestures": false,
          "g_signals": false,
          "g_last_change": false,
          "visibility-cond": "==",
          "visibility-val": 1,
          "visibility-groups-action": "hide",
          "title": "",
          "title_color": "black",
          "title_top": "-10",
          "title_left": "15",
          "header_height": "0",
          "header_color": "black",
          "signals-cond-0": "==",
          "signals-val-0": true,
          "signals-icon-0": "/vis.0/Log-Script/lowbattery.png",
          "signals-icon-size-0": 0,
          "signals-blink-0": false,
          "signals-horz-0": 0,
          "signals-vert-0": 0,
          "signals-hide-edit-0": false,
          "signals-cond-1": "==",
          "signals-val-1": true,
          "signals-icon-1": "/vis.0/Log-Script/lowbattery.png",
          "signals-icon-size-1": 0,
          "signals-blink-1": false,
          "signals-horz-1": 0,
          "signals-vert-1": 0,
          "signals-hide-edit-1": false,
          "signals-cond-2": "==",
          "signals-val-2": true,
          "signals-icon-2": "/vis.0/Log-Script/lowbattery.png",
          "signals-icon-size-2": 0,
          "signals-blink-2": false,
          "signals-horz-2": 0,
          "signals-vert-2": 0,
          "signals-hide-edit-2": false,
          "lc-type": "last-change",
          "lc-is-interval": true,
          "lc-is-moment": false,
          "lc-format": "",
          "lc-position-vert": "top",
          "lc-position-horz": "right",
          "lc-offset-vert": 0,
          "lc-offset-horz": 0,
          "lc-font-size": "12px",
          "lc-font-family": "",
          "lc-font-style": "",
          "lc-bkg-color": "",
          "lc-color": "",
          "lc-border-width": "0",
          "lc-border-style": "",
          "lc-border-color": "",
          "lc-border-radius": 10,
          "lc-zindex": 0,
          "class": "",
          "name": "A_LeftBar",
          "locked": false
        },
        "style": {
          "left": "0px",
          "top": "65px",
          "width": "231px",
          "height": "698px",
          "background": "#1F2129",
          "border-width": "",
          "z-index": "10",
          "background-color": "#1F2129",
          "border-style": "none"
        },
        "widgetSet": "basic"
      },
      "w00006": {
        "tpl": "tplValueString",
        "data": {
          "oid": "",
          "g_fixed": true,
          "g_visibility": false,
          "g_css_font_text": true,
          "g_css_background": false,
          "g_css_shadow_padding": false,
          "g_css_border": false,
          "g_gestures": false,
          "g_signals": false,
          "g_last_change": false,
          "visibility-cond": "==",
          "visibility-val": 1,
          "visibility-groups-action": "hide",
          "signals-cond-0": "==",
          "signals-val-0": true,
          "signals-icon-0": "/vis.0/Log-Script/lowbattery.png",
          "signals-icon-size-0": 0,
          "signals-blink-0": false,
          "signals-horz-0": 0,
          "signals-vert-0": 0,
          "signals-hide-edit-0": false,
          "signals-cond-1": "==",
          "signals-val-1": true,
          "signals-icon-1": "/vis.0/Log-Script/lowbattery.png",
          "signals-icon-size-1": 0,
          "signals-blink-1": false,
          "signals-horz-1": 0,
          "signals-vert-1": 0,
          "signals-hide-edit-1": false,
          "signals-cond-2": "==",
          "signals-val-2": true,
          "signals-icon-2": "/vis.0/Log-Script/lowbattery.png",
          "signals-icon-size-2": 0,
          "signals-blink-2": false,
          "signals-horz-2": 0,
          "signals-vert-2": 0,
          "signals-hide-edit-2": false,
          "lc-type": "last-change",
          "lc-is-interval": true,
          "lc-is-moment": false,
          "lc-format": "",
          "lc-position-vert": "top",
          "lc-position-horz": "right",
          "lc-offset-vert": 0,
          "lc-offset-horz": 0,
          "lc-font-size": "12px",
          "lc-font-family": "",
          "lc-font-style": "",
          "lc-bkg-color": "",
          "lc-color": "",
          "lc-border-width": "0",
          "lc-border-style": "",
          "lc-border-color": "",
          "lc-border-radius": 10,
          "lc-zindex": 0,
          "html_prepend": "Uhr",
          "labelColorTrue": "#fff",
          "class": "",
          "name": "txtUhr"
        },
        "style": {
          "left": "1128px",
          "top": "18px",
          "z-index": "20",
          "color": "#fff",
          "font-family": "Jura-DemiBold",
          "font-size": "12px",
          "width": "39px",
          "height": "25px",
          "opacity": "",
          "text-align": "left"
        },
        "widgetSet": "basic"
      },
      "w00007": {
        "tpl": "tplTwSimpleClock",
        "data": {
          "g_fixed": true,
          "g_visibility": false,
          "g_css_font_text": true,
          "g_css_background": false,
          "g_css_shadow_padding": false,
          "g_css_border": false,
          "g_gestures": false,
          "g_signals": false,
          "g_last_change": false,
          "visibility-cond": "==",
          "visibility-val": 1,
          "visibility-groups-action": "hide",
          "signals-cond-0": "==",
          "signals-val-0": true,
          "signals-icon-0": "/vis.0/Log-Script/lowbattery.png",
          "signals-icon-size-0": 0,
          "signals-blink-0": false,
          "signals-horz-0": 0,
          "signals-vert-0": 0,
          "signals-hide-edit-0": false,
          "signals-cond-1": "==",
          "signals-val-1": true,
          "signals-icon-1": "/vis.0/Log-Script/lowbattery.png",
          "signals-icon-size-1": 0,
          "signals-blink-1": false,
          "signals-horz-1": 0,
          "signals-vert-1": 0,
          "signals-hide-edit-1": false,
          "signals-cond-2": "==",
          "signals-val-2": true,
          "signals-icon-2": "/vis.0/Log-Script/lowbattery.png",
          "signals-icon-size-2": 0,
          "signals-blink-2": false,
          "signals-horz-2": 0,
          "signals-vert-2": 0,
          "signals-hide-edit-2": false,
          "lc-type": "last-change",
          "lc-is-interval": true,
          "lc-is-moment": false,
          "lc-format": "",
          "lc-position-vert": "top",
          "lc-position-horz": "right",
          "lc-offset-vert": 0,
          "lc-offset-horz": 0,
          "lc-font-size": "12px",
          "lc-font-family": "",
          "lc-font-style": "",
          "lc-bkg-color": "",
          "lc-color": "",
          "lc-border-width": "0",
          "lc-border-style": "",
          "lc-border-color": "",
          "lc-border-radius": 10,
          "lc-zindex": 0,
          "noClass": true,
          "class": "",
          "hideSeconds": true,
          "name": "txtTime"
        },
        "style": {
          "left": "1045px",
          "top": "20px",
          "color": "#fff",
          "font-family": "Jura-DemiBold",
          "font-size": "30px",
          "width": "90px",
          "height": "30px",
          "text-align": "left",
          "z-index": "20"
        },
        "widgetSet": "timeandweather"
      },
      "w00008": {
        "tpl": "tplVis-materialdesign-Table",
        "data": {
          "oid": "0_userdata.0.Log-Script.All.visView1.outputJSON",
          "g_fixed": true,
          "g_visibility": false,
          "g_css_font_text": false,
          "g_css_background": true,
          "g_css_shadow_padding": false,
          "g_css_border": true,
          "g_gestures": false,
          "g_signals": false,
          "g_last_change": false,
          "countCols": "3",
          "tableLayout": "standard",
          "showHeader": true,
          "headerTextSize": "18px",
          "showColumn0": "true",
          "colType0": "text",
          "textAlign0": "left",
          "showColumn1": "true",
          "colType1": "text",
          "textAlign1": "left",
          "signals-cond-0": "==",
          "signals-val-0": true,
          "signals-icon-0": "/vis.0/Log-Script/lowbattery.png",
          "signals-icon-size-0": 0,
          "signals-blink-0": false,
          "signals-horz-0": 0,
          "signals-vert-0": 0,
          "signals-hide-edit-0": false,
          "signals-cond-1": "==",
          "signals-val-1": true,
          "signals-icon-1": "/vis.0/Log-Script/lowbattery.png",
          "signals-icon-size-1": 0,
          "signals-blink-1": false,
          "signals-horz-1": 0,
          "signals-vert-1": 0,
          "signals-hide-edit-1": false,
          "signals-cond-2": "==",
          "signals-val-2": true,
          "signals-icon-2": "/vis.0/Log-Script/lowbattery.png",
          "signals-icon-size-2": 0,
          "signals-blink-2": false,
          "signals-horz-2": 0,
          "signals-vert-2": 0,
          "signals-hide-edit-2": false,
          "lc-type": "last-change",
          "lc-is-interval": true,
          "lc-is-moment": false,
          "lc-format": "",
          "lc-position-vert": "top",
          "lc-position-horz": "right",
          "lc-offset-vert": 0,
          "lc-offset-horz": 0,
          "lc-font-size": "12px",
          "lc-font-family": "",
          "lc-font-style": "",
          "lc-bkg-color": "",
          "lc-color": "",
          "lc-border-width": "0",
          "lc-border-style": "",
          "lc-border-color": "",
          "lc-border-radius": 10,
          "lc-zindex": 0,
          "showColumn2": "true",
          "colType2": "text",
          "textAlign2": "left",
          "showColumn3": true,
          "colType3": "text",
          "textAlign3": "left",
          "label0": "Datum",
          "label2": "Quelle",
          "label1": "Level",
          "padding_left0": "10",
          "label3": "Log-Eintrag",
          "dataJson": "",
          "padding_left2": "",
          "class": "tableLog",
          "textSize3": "small",
          "textColor2": "#8f8f8f",
          "textSize2": "small",
          "padding_right3": "",
          "rowHeight": "",
          "textSize0": "small",
          "textSize1": "small",
          "padding_left1": "",
          "textColor0": "#8f8f8f",
          "textColor1": "#8f8f8f",
          "textColor3": "#8f8f8f",
          "imageSize1": "",
          "prefix3": "<span style=\"word-wrap:break-all\">",
          "suffix3": "</span>",
          "colorHeaderRowText": "#8f8f8f",
          "colorHeaderRowBackground": "#202020",
          "colorRowBackground": "#2e2e2e",
          "colorRowText": "#fff",
          "dividers": "",
          "colorBackground": "transparent",
          "prefix2": "",
          "prefix1": "",
          "suffix2": "",
          "suffix1": "",
          "columnWidth0": "130",
          "columnWidth1": "70",
          "columnWidth3": "",
          "columnWidth2": "130",
          "visibility-cond": "==",
          "visibility-val": 1,
          "visibility-groups-action": "hide",
          "fontFamily1": "Jura-DemiBold",
          "fontFamily3": "Jura-DemiBold",
          "fontFamily2": "Jura-DemiBold",
          "fontFamily0": "Jura-DemiBold",
          "colTextSize2": "14px",
          "colTextSize3": "16px",
          "colTextSize1": "16px",
          "colTextSize0": "16px",
          "name": "table_Log",
          "headerRowHeight": "38",
          "headerFontFamily": "Jura-DemiBold",
          "colNoWrap1": false,
          "colNoWrap0": false,
          "colTextColor0": "#d5d4de",
          "colTextColor1": "",
          "colTextColor2": "#afaccd",
          "colTextColor3": "#d5d4de",
          "colNoWrap3": false
        },
        "style": {
          "left": "258px",
          "top": "90px",
          "width": "865px",
          "height": "643px",
          "z-index": "100",
          "background": "rgba(32,32,32,0.5)",
          "background-color": "",
          "overflow-y": "auto",
          "border-radius": "10px"
        },
        "widgetSet": "materialdesign"
      },
      "w00009": {
        "tpl": "tplVis-materialdesign-Button-State",
        "data": {
          "oid": "0_userdata.0.Log-Script.All.visView1.whichFilter",
          "g_fixed": true,
          "g_visibility": false,
          "g_css_font_text": false,
          "g_css_background": true,
          "g_css_shadow_padding": false,
          "g_css_border": false,
          "g_gestures": false,
          "g_signals": false,
          "g_last_change": false,
          "visibility-cond": "==",
          "visibility-val": 1,
          "visibility-groups-action": "hide",
          "buttonStyle": "text",
          "vibrateOnMobilDevices": "50",
          "iconPosition": "left",
          "signals-cond-0": "==",
          "signals-val-0": true,
          "signals-icon-0": "/vis.0/Log-Script/lowbattery.png",
          "signals-icon-size-0": 0,
          "signals-blink-0": false,
          "signals-horz-0": 0,
          "signals-vert-0": 0,
          "signals-hide-edit-0": false,
          "signals-cond-1": "==",
          "signals-val-1": true,
          "signals-icon-1": "/vis.0/Log-Script/lowbattery.png",
          "signals-icon-size-1": 0,
          "signals-blink-1": false,
          "signals-horz-1": 0,
          "signals-vert-1": 0,
          "signals-hide-edit-1": false,
          "signals-cond-2": "==",
          "signals-val-2": true,
          "signals-icon-2": "/vis.0/Log-Script/lowbattery.png",
          "signals-icon-size-2": 0,
          "signals-blink-2": false,
          "signals-horz-2": 0,
          "signals-vert-2": 0,
          "signals-hide-edit-2": false,
          "lc-type": "last-change",
          "lc-is-interval": true,
          "lc-is-moment": false,
          "lc-format": "",
          "lc-position-vert": "top",
          "lc-position-horz": "right",
          "lc-offset-vert": 0,
          "lc-offset-horz": 0,
          "lc-font-size": "12px",
          "lc-font-family": "",
          "lc-font-style": "",
          "lc-bkg-color": "",
          "lc-color": "",
          "lc-border-width": "0",
          "lc-border-style": "",
          "lc-border-color": "",
          "lc-border-radius": 10,
          "lc-zindex": 0,
          "value": "Info",
          "buttontext": " Info ({v:0_userdata.0.Log-Script.logInfo.logJSONcount;v})",
          "image": "alert-circle-outline",
          "labelWidth": "",
          "colorPress": "{b:0_userdata.0.Log-Script.All.visView1.whichFilter;b==\"Info\" ? \"#ffd71a\" : \"#8f8f8f\"}",
          "class": "leftBarBtn",
          "name": "btnInfo"
        },
        "style": {
          "left": "25px",
          "top": "135px",
          "z-index": "50",
          "width": "180px",
          "height": "32px",
          "background-color": "{b:0_userdata.0.Log-Script.All.visView1.whichFilter;b==\"Info\" ? \"#4d4d4d\" : \"#2e2e2e\"}"
        },
        "widgetSet": "materialdesign"
      },
      "w00010": {
        "tpl": "tplVis-materialdesign-Button-State",
        "data": {
          "oid": "0_userdata.0.Log-Script.All.visView1.whichFilter",
          "g_fixed": true,
          "g_visibility": false,
          "g_css_font_text": false,
          "g_css_background": true,
          "g_css_shadow_padding": false,
          "g_css_border": false,
          "g_gestures": false,
          "g_signals": false,
          "g_last_change": false,
          "visibility-cond": "==",
          "visibility-val": 1,
          "visibility-groups-action": "hide",
          "buttonStyle": "text",
          "vibrateOnMobilDevices": "50",
          "iconPosition": "left",
          "signals-cond-0": "==",
          "signals-val-0": true,
          "signals-icon-0": "/vis.0/Log-Script/lowbattery.png",
          "signals-icon-size-0": 0,
          "signals-blink-0": false,
          "signals-horz-0": 0,
          "signals-vert-0": 0,
          "signals-hide-edit-0": false,
          "signals-cond-1": "==",
          "signals-val-1": true,
          "signals-icon-1": "/vis.0/Log-Script/lowbattery.png",
          "signals-icon-size-1": 0,
          "signals-blink-1": false,
          "signals-horz-1": 0,
          "signals-vert-1": 0,
          "signals-hide-edit-1": false,
          "signals-cond-2": "==",
          "signals-val-2": true,
          "signals-icon-2": "/vis.0/Log-Script/lowbattery.png",
          "signals-icon-size-2": 0,
          "signals-blink-2": false,
          "signals-horz-2": 0,
          "signals-vert-2": 0,
          "signals-hide-edit-2": false,
          "lc-type": "last-change",
          "lc-is-interval": true,
          "lc-is-moment": false,
          "lc-format": "",
          "lc-position-vert": "top",
          "lc-position-horz": "right",
          "lc-offset-vert": 0,
          "lc-offset-horz": 0,
          "lc-font-size": "12px",
          "lc-font-family": "",
          "lc-font-style": "",
          "lc-bkg-color": "",
          "lc-color": "",
          "lc-border-width": "0",
          "lc-border-style": "",
          "lc-border-color": "",
          "lc-border-radius": 10,
          "lc-zindex": 0,
          "value": "Warn",
          "buttontext": " Warn ({v:0_userdata.0.Log-Script.logWarn.logJSONcount;v})",
          "image": "alert-circle-outline",
          "labelWidth": "0",
          "colorPress": "{b:0_userdata.0.Log-Script.All.visView1.whichFilter;b==\"Warn\" ? \"#ffd71a\" : \"#8f8f8f\"}",
          "class": "leftBarBtn",
          "name": "btnWarn"
        },
        "style": {
          "left": "25px",
          "top": "179px",
          "z-index": "50",
          "width": "180px",
          "height": "32px",
          "background-color": "{b:0_userdata.0.Log-Script.All.visView1.whichFilter;b==\"Warn\" ? \"#4d4d4d\" : \"#2e2e2e\"}"
        },
        "widgetSet": "materialdesign"
      },
      "w00011": {
        "tpl": "tplVis-materialdesign-Button-State",
        "data": {
          "oid": "0_userdata.0.Log-Script.All.visView1.whichFilter",
          "g_fixed": true,
          "g_visibility": false,
          "g_css_font_text": false,
          "g_css_background": true,
          "g_css_shadow_padding": false,
          "g_css_border": false,
          "g_gestures": false,
          "g_signals": false,
          "g_last_change": false,
          "visibility-cond": "==",
          "visibility-val": 1,
          "visibility-groups-action": "hide",
          "buttonStyle": "text",
          "vibrateOnMobilDevices": "50",
          "iconPosition": "left",
          "signals-cond-0": "==",
          "signals-val-0": true,
          "signals-icon-0": "/vis.0/Log-Script/lowbattery.png",
          "signals-icon-size-0": 0,
          "signals-blink-0": false,
          "signals-horz-0": 0,
          "signals-vert-0": 0,
          "signals-hide-edit-0": false,
          "signals-cond-1": "==",
          "signals-val-1": true,
          "signals-icon-1": "/vis.0/Log-Script/lowbattery.png",
          "signals-icon-size-1": 0,
          "signals-blink-1": false,
          "signals-horz-1": 0,
          "signals-vert-1": 0,
          "signals-hide-edit-1": false,
          "signals-cond-2": "==",
          "signals-val-2": true,
          "signals-icon-2": "/vis.0/Log-Script/lowbattery.png",
          "signals-icon-size-2": 0,
          "signals-blink-2": false,
          "signals-horz-2": 0,
          "signals-vert-2": 0,
          "signals-hide-edit-2": false,
          "lc-type": "last-change",
          "lc-is-interval": true,
          "lc-is-moment": false,
          "lc-format": "",
          "lc-position-vert": "top",
          "lc-position-horz": "right",
          "lc-offset-vert": 0,
          "lc-offset-horz": 0,
          "lc-font-size": "12px",
          "lc-font-family": "",
          "lc-font-style": "",
          "lc-bkg-color": "",
          "lc-color": "",
          "lc-border-width": "0",
          "lc-border-style": "",
          "lc-border-color": "",
          "lc-border-radius": 10,
          "lc-zindex": 0,
          "value": "Error",
          "buttontext": " Error ({v:0_userdata.0.Log-Script.logError.logJSONcount;v})",
          "image": "alert-circle-outline",
          "labelWidth": "0",
          "colorPress": "{b:0_userdata.0.Log-Script.All.visView1.whichFilter;b==\"Error\" ? \"#ffd71a\" : \"#8f8f8f\"}",
          "class": "leftBarBtn",
          "name": "btnError"
        },
        "style": {
          "left": "25px",
          "top": "221px",
          "z-index": "49",
          "width": "180px",
          "height": "32px",
          "background-color": "{b:0_userdata.0.Log-Script.All.visView1.whichFilter;b==\"Error\" ? \"#4d4d4d\" : \"#2e2e2e\"}"
        },
        "widgetSet": "materialdesign"
      },
      "w00012": {
        "tpl": "tplVis-materialdesign-Button-State",
        "data": {
          "oid": "0_userdata.0.Log-Script.All.visView1.whichFilter",
          "g_fixed": true,
          "g_visibility": false,
          "g_css_font_text": false,
          "g_css_background": true,
          "g_css_shadow_padding": false,
          "g_css_border": false,
          "g_gestures": false,
          "g_signals": false,
          "g_last_change": false,
          "visibility-cond": "==",
          "visibility-val": 1,
          "visibility-groups-action": "hide",
          "buttonStyle": "text",
          "vibrateOnMobilDevices": "50",
          "iconPosition": "left",
          "signals-cond-0": "==",
          "signals-val-0": true,
          "signals-icon-0": "/vis.0/Log-Script/lowbattery.png",
          "signals-icon-size-0": 0,
          "signals-blink-0": false,
          "signals-horz-0": 0,
          "signals-vert-0": 0,
          "signals-hide-edit-0": false,
          "signals-cond-1": "==",
          "signals-val-1": true,
          "signals-icon-1": "/vis.0/Log-Script/lowbattery.png",
          "signals-icon-size-1": 0,
          "signals-blink-1": false,
          "signals-horz-1": 0,
          "signals-vert-1": 0,
          "signals-hide-edit-1": false,
          "signals-cond-2": "==",
          "signals-val-2": true,
          "signals-icon-2": "/vis.0/Log-Script/lowbattery.png",
          "signals-icon-size-2": 0,
          "signals-blink-2": false,
          "signals-horz-2": 0,
          "signals-vert-2": 0,
          "signals-hide-edit-2": false,
          "lc-type": "last-change",
          "lc-is-interval": true,
          "lc-is-moment": false,
          "lc-format": "",
          "lc-position-vert": "top",
          "lc-position-horz": "right",
          "lc-offset-vert": 0,
          "lc-offset-horz": 0,
          "lc-font-size": "12px",
          "lc-font-family": "",
          "lc-font-style": "",
          "lc-bkg-color": "",
          "lc-color": "",
          "lc-border-width": "0",
          "lc-border-style": "",
          "lc-border-color": "",
          "lc-border-radius": 10,
          "lc-zindex": 0,
          "value": "Homematic",
          "buttontext": " Homematic ({v:0_userdata.0.Log-Script.logHomematic.logJSONcount;v})",
          "image": "alert-circle-outline",
          "labelWidth": "0",
          "colorPress": "{b:0_userdata.0.Log-Script.All.visView1.whichFilter;b==\"Homematic\" ? \"#ffd71a\" : \"#8f8f8f\"}",
          "class": "leftBarBtn",
          "name": "btnHomematic"
        },
        "style": {
          "left": "25px",
          "top": "262px",
          "z-index": "50",
          "width": "180px",
          "height": "32px",
          "background-color": "{b:0_userdata.0.Log-Script.All.visView1.whichFilter;b==\"Eingangstuerhuawei\" ? \"#4d4d4d\" : \"#2e2e2e\"}"
        },
        "widgetSet": "materialdesign"
      },
      "w00014": {
        "tpl": "tplVis-materialdesign-Button-State",
        "data": {
          "oid": "0_userdata.0.Log-Script.All.visView1.clearJSON",
          "g_fixed": true,
          "g_visibility": false,
          "g_css_font_text": false,
          "g_css_background": true,
          "g_css_shadow_padding": true,
          "g_css_border": true,
          "g_gestures": false,
          "g_signals": false,
          "g_last_change": false,
          "visibility-cond": "==",
          "visibility-val": 1,
          "visibility-groups-action": "hide",
          "buttonStyle": "text",
          "vibrateOnMobilDevices": "50",
          "iconPosition": "left",
          "signals-cond-0": "==",
          "signals-val-0": true,
          "signals-icon-0": "/vis.0/Log-Script/lowbattery.png",
          "signals-icon-size-0": 0,
          "signals-blink-0": false,
          "signals-horz-0": 0,
          "signals-vert-0": 0,
          "signals-hide-edit-0": false,
          "signals-cond-1": "==",
          "signals-val-1": true,
          "signals-icon-1": "/vis.0/Log-Script/lowbattery.png",
          "signals-icon-size-1": 0,
          "signals-blink-1": false,
          "signals-horz-1": 0,
          "signals-vert-1": 0,
          "signals-hide-edit-1": false,
          "signals-cond-2": "==",
          "signals-val-2": true,
          "signals-icon-2": "/vis.0/Log-Script/lowbattery.png",
          "signals-icon-size-2": 0,
          "signals-blink-2": false,
          "signals-horz-2": 0,
          "signals-vert-2": 0,
          "signals-hide-edit-2": false,
          "value": "true",
          "buttontext": " Log: {v:0_userdata.0.Log-Script.All.visView1.whichFilter;v}",
          "image": "trash-can-outline",
          "labelWidth": "0",
          "colorPress": "#8f8f8f",
          "iconHeight": "18",
          "imageColor": "#ffd71a",
          "class": "leftBarBtn",
          "lc-type": "last-change",
          "lc-is-interval": true,
          "lc-is-moment": false,
          "lc-format": "",
          "lc-position-vert": "top",
          "lc-position-horz": "right",
          "lc-offset-vert": 0,
          "lc-offset-horz": 0,
          "lc-font-size": "12px",
          "lc-font-family": "",
          "lc-font-style": "",
          "lc-bkg-color": "",
          "lc-color": "",
          "lc-border-width": "0",
          "lc-border-style": "",
          "lc-border-color": "",
          "lc-border-radius": 10,
          "lc-zindex": 0,
          "name": "btnClearCurrLog"
        },
        "style": {
          "left": "25px",
          "top": "443px",
          "z-index": "60",
          "width": "180px",
          "height": "32px",
          "background-color": "",
          "background": "#2e2e2e",
          "box-shadow": "0px 0px 23px 6px rgba(0,0,0,0.75)"
        },
        "widgetSet": "materialdesign"
      },
      "w00015": {
        "tpl": "tplValueString",
        "data": {
          "oid": "",
          "g_fixed": true,
          "g_visibility": false,
          "g_css_font_text": true,
          "g_css_background": false,
          "g_css_shadow_padding": true,
          "g_css_border": true,
          "g_gestures": false,
          "g_signals": false,
          "g_last_change": false,
          "signals-cond-0": "==",
          "signals-val-0": true,
          "signals-icon-0": "/vis.0/Log-Script/lowbattery.png",
          "signals-icon-size-0": 0,
          "signals-blink-0": false,
          "signals-horz-0": 0,
          "signals-vert-0": 0,
          "signals-hide-edit-0": false,
          "signals-cond-1": "==",
          "signals-val-1": true,
          "signals-icon-1": "/vis.0/Log-Script/lowbattery.png",
          "signals-icon-size-1": 0,
          "signals-blink-1": false,
          "signals-horz-1": 0,
          "signals-vert-1": 0,
          "signals-hide-edit-1": false,
          "signals-cond-2": "==",
          "signals-val-2": true,
          "signals-icon-2": "/vis.0/Log-Script/lowbattery.png",
          "signals-icon-size-2": 0,
          "signals-blink-2": false,
          "signals-horz-2": 0,
          "signals-vert-2": 0,
          "signals-hide-edit-2": false,
          "lc-type": "last-change",
          "lc-is-interval": true,
          "lc-is-moment": false,
          "lc-format": "",
          "lc-position-vert": "top",
          "lc-position-horz": "right",
          "lc-offset-vert": 0,
          "lc-offset-horz": 0,
          "lc-font-size": "12px",
          "lc-font-family": "",
          "lc-font-style": "",
          "lc-bkg-color": "",
          "lc-color": "",
          "lc-border-width": "0",
          "lc-border-style": "",
          "lc-border-color": "",
          "lc-border-radius": 10,
          "lc-zindex": 0,
          "html_prepend": "Clear Logs",
          "html_append": "",
          "class": "",
          "labelColorTrue": "#fff",
          "visibility-cond": "==",
          "visibility-val": 1,
          "visibility-groups-action": "hide",
          "test_html": "",
          "name": "menuClearLogs"
        },
        "style": {
          "left": "28px",
          "top": "398px",
          "z-index": "50",
          "color": "#8f8f8f",
          "font-family": "Jura-DemiBold",
          "font-size": "18px",
          "width": "175px",
          "height": "26px",
          "text-align": "center",
          "opacity": "",
          "border-style": "",
          "border-width": "",
          "border-color": "",
          "box-shadow": "0 1px grey"
        },
        "widgetSet": "basic"
      },
      "w00016": {
        "tpl": "tplValueString",
        "data": {
          "oid": "",
          "g_fixed": true,
          "g_visibility": false,
          "g_css_font_text": true,
          "g_css_background": false,
          "g_css_shadow_padding": true,
          "g_css_border": true,
          "g_gestures": false,
          "g_signals": false,
          "g_last_change": false,
          "signals-cond-0": "==",
          "signals-val-0": true,
          "signals-icon-0": "/vis.0/Log-Script/lowbattery.png",
          "signals-icon-size-0": 0,
          "signals-blink-0": false,
          "signals-horz-0": 0,
          "signals-vert-0": 0,
          "signals-hide-edit-0": false,
          "signals-cond-1": "==",
          "signals-val-1": true,
          "signals-icon-1": "/vis.0/Log-Script/lowbattery.png",
          "signals-icon-size-1": 0,
          "signals-blink-1": false,
          "signals-horz-1": 0,
          "signals-vert-1": 0,
          "signals-hide-edit-1": false,
          "signals-cond-2": "==",
          "signals-val-2": true,
          "signals-icon-2": "/vis.0/Log-Script/lowbattery.png",
          "signals-icon-size-2": 0,
          "signals-blink-2": false,
          "signals-horz-2": 0,
          "signals-vert-2": 0,
          "signals-hide-edit-2": false,
          "lc-type": "last-change",
          "lc-is-interval": true,
          "lc-is-moment": false,
          "lc-format": "",
          "lc-position-vert": "top",
          "lc-position-horz": "right",
          "lc-offset-vert": 0,
          "lc-offset-horz": 0,
          "lc-font-size": "12px",
          "lc-font-family": "",
          "lc-font-style": "",
          "lc-bkg-color": "",
          "lc-color": "",
          "lc-border-width": "0",
          "lc-border-style": "",
          "lc-border-color": "",
          "lc-border-radius": 10,
          "lc-zindex": 0,
          "html_prepend": "Menu",
          "html_append": "",
          "class": "",
          "labelColorTrue": "#fff",
          "visibility-cond": "==",
          "visibility-val": 1,
          "visibility-groups-action": "hide",
          "test_html": "",
          "name": "menuMenu"
        },
        "style": {
          "left": "28px",
          "top": "90px",
          "z-index": "50",
          "color": "#8f8f8f",
          "font-family": "Jura-DemiBold",
          "font-size": "18px",
          "width": "175px",
          "height": "26px",
          "text-align": "center",
          "opacity": "",
          "border-style": "",
          "border-width": "",
          "border-color": "",
          "box-shadow": "0 1px grey"
        },
        "widgetSet": "basic"
      },
      "w00017": {
        "tpl": "tplVis-materialdesign-Button-State",
        "data": {
          "oid": "0_userdata.0.Log-Script.All.clearAllJSON",
          "g_fixed": true,
          "g_visibility": false,
          "g_css_font_text": false,
          "g_css_background": true,
          "g_css_shadow_padding": true,
          "g_css_border": true,
          "g_gestures": false,
          "g_signals": false,
          "g_last_change": false,
          "visibility-cond": "==",
          "visibility-val": 1,
          "visibility-groups-action": "hide",
          "buttonStyle": "text",
          "vibrateOnMobilDevices": "50",
          "iconPosition": "left",
          "signals-cond-0": "==",
          "signals-val-0": true,
          "signals-icon-0": "/vis.0/Log-Script/lowbattery.png",
          "signals-icon-size-0": 0,
          "signals-blink-0": false,
          "signals-horz-0": 0,
          "signals-vert-0": 0,
          "signals-hide-edit-0": false,
          "signals-cond-1": "==",
          "signals-val-1": true,
          "signals-icon-1": "/vis.0/Log-Script/lowbattery.png",
          "signals-icon-size-1": 0,
          "signals-blink-1": false,
          "signals-horz-1": 0,
          "signals-vert-1": 0,
          "signals-hide-edit-1": false,
          "signals-cond-2": "==",
          "signals-val-2": true,
          "signals-icon-2": "/vis.0/Log-Script/lowbattery.png",
          "signals-icon-size-2": 0,
          "signals-blink-2": false,
          "signals-horz-2": 0,
          "signals-vert-2": 0,
          "signals-hide-edit-2": false,
          "value": "true",
          "buttontext": " All Logs",
          "image": "trash-can-outline",
          "labelWidth": "0",
          "colorPress": "#8f8f8f",
          "iconHeight": "18",
          "imageColor": "#ffd71a",
          "class": "leftBarBtn",
          "lc-type": "last-change",
          "lc-is-interval": true,
          "lc-is-moment": false,
          "lc-format": "",
          "lc-position-vert": "top",
          "lc-position-horz": "right",
          "lc-offset-vert": 0,
          "lc-offset-horz": 0,
          "lc-font-size": "12px",
          "lc-font-family": "",
          "lc-font-style": "",
          "lc-bkg-color": "",
          "lc-color": "",
          "lc-border-width": "0",
          "lc-border-style": "",
          "lc-border-color": "",
          "lc-border-radius": 10,
          "lc-zindex": 0,
          "name": "btnClearAllLogs"
        },
        "style": {
          "left": "25px",
          "top": "485px",
          "z-index": "60",
          "width": "180px",
          "height": "32px",
          "background-color": "",
          "background": "#2e2e2e",
          "box-shadow": "0px 0px 23px 6px rgba(0,0,0,0.75)"
        },
        "widgetSet": "materialdesign"
      },
      "w00013": {
        "tpl": "tplValueString",
        "data": {
          "oid": "",
          "g_fixed": true,
          "g_visibility": false,
          "g_css_font_text": true,
          "g_css_background": false,
          "g_css_shadow_padding": true,
          "g_css_border": true,
          "g_gestures": false,
          "g_signals": false,
          "g_last_change": false,
          "signals-cond-0": "==",
          "signals-val-0": true,
          "signals-icon-0": "/vis.0/Log-Script/lowbattery.png",
          "signals-icon-size-0": 0,
          "signals-blink-0": false,
          "signals-horz-0": 0,
          "signals-vert-0": 0,
          "signals-hide-edit-0": false,
          "signals-cond-1": "==",
          "signals-val-1": true,
          "signals-icon-1": "/vis.0/Log-Script/lowbattery.png",
          "signals-icon-size-1": 0,
          "signals-blink-1": false,
          "signals-horz-1": 0,
          "signals-vert-1": 0,
          "signals-hide-edit-1": false,
          "signals-cond-2": "==",
          "signals-val-2": true,
          "signals-icon-2": "/vis.0/Log-Script/lowbattery.png",
          "signals-icon-size-2": 0,
          "signals-blink-2": false,
          "signals-horz-2": 0,
          "signals-vert-2": 0,
          "signals-hide-edit-2": false,
          "lc-type": "last-change",
          "lc-is-interval": true,
          "lc-is-moment": false,
          "lc-format": "",
          "lc-position-vert": "top",
          "lc-position-horz": "right",
          "lc-offset-vert": 0,
          "lc-offset-horz": 0,
          "lc-font-size": "12px",
          "lc-font-family": "",
          "lc-font-style": "",
          "lc-bkg-color": "",
          "lc-color": "",
          "lc-border-width": "0",
          "lc-border-style": "",
          "lc-border-color": "",
          "lc-border-radius": 10,
          "lc-zindex": 0,
          "html_prepend": "Status",
          "html_append": "",
          "class": "",
          "labelColorTrue": "#fff",
          "visibility-cond": "==",
          "visibility-val": 1,
          "visibility-groups-action": "hide",
          "test_html": "",
          "name": "menuStatus"
        },
        "style": {
          "left": "28px",
          "top": "580px",
          "z-index": "50",
          "color": "#8f8f8f",
          "font-family": "Jura-DemiBold",
          "font-size": "18px",
          "width": "175px",
          "height": "26px",
          "text-align": "center",
          "opacity": "",
          "border-style": "",
          "border-width": "",
          "border-color": "",
          "box-shadow": "0 1px grey"
        },
        "widgetSet": "basic"
      },
      "w00022": {
        "tpl": "tplHtml",
        "data": {
          "g_fixed": true,
          "g_visibility": false,
          "g_css_font_text": true,
          "g_css_background": false,
          "g_css_shadow_padding": false,
          "g_css_border": false,
          "g_gestures": false,
          "g_signals": false,
          "g_last_change": false,
          "visibility-cond": "==",
          "visibility-val": 1,
          "visibility-groups-action": "hide",
          "refreshInterval": "0",
          "signals-cond-0": "==",
          "signals-val-0": true,
          "signals-icon-0": "/vis.0/Log-Script/lowbattery.png",
          "signals-icon-size-0": 0,
          "signals-blink-0": false,
          "signals-horz-0": 0,
          "signals-vert-0": 0,
          "signals-hide-edit-0": false,
          "signals-cond-1": "==",
          "signals-val-1": true,
          "signals-icon-1": "/vis.0/Log-Script/lowbattery.png",
          "signals-icon-size-1": 0,
          "signals-blink-1": false,
          "signals-horz-1": 0,
          "signals-vert-1": 0,
          "signals-hide-edit-1": false,
          "signals-cond-2": "==",
          "signals-val-2": true,
          "signals-icon-2": "/vis.0/Log-Script/lowbattery.png",
          "signals-icon-size-2": 0,
          "signals-blink-2": false,
          "signals-horz-2": 0,
          "signals-vert-2": 0,
          "signals-hide-edit-2": false,
          "lc-type": "last-change",
          "lc-is-interval": true,
          "lc-is-moment": false,
          "lc-format": "",
          "lc-position-vert": "top",
          "lc-position-horz": "right",
          "lc-offset-vert": 0,
          "lc-offset-horz": 0,
          "lc-font-size": "12px",
          "lc-font-family": "",
          "lc-font-style": "",
          "lc-bkg-color": "",
          "lc-color": "",
          "lc-border-width": "0",
          "lc-border-style": "",
          "lc-border-color": "",
          "lc-border-radius": 10,
          "lc-zindex": 0,
          "html": "Current Item: <span style=\"color:#ffd71a;\">{0_userdata.0.Log-Script.All.visView1.whichFilter}</span>",
          "name": "txtCurrentLog"
        },
        "style": {
          "left": "30px",
          "top": "651px",
          "color": "#8f8f8f",
          "font-family": "Jura-DemiBold",
          "font-size": "14px",
          "width": "200px",
          "height": "17px",
          "z-index": "54"
        },
        "widgetSet": "basic"
      },
      "w00019": {
        "tpl": "tplTimeValue",
        "data": {
          "oid": "0_userdata.0.Log-Script.All.lastTimeUpdated",
          "g_fixed": true,
          "g_visibility": false,
          "g_css_font_text": true,
          "g_css_background": false,
          "g_css_shadow_padding": false,
          "g_css_border": false,
          "g_gestures": false,
          "g_signals": false,
          "g_last_change": false,
          "visibility-cond": "==",
          "visibility-val": 1,
          "visibility-groups-action": "hide",
          "signals-cond-0": "==",
          "signals-val-0": true,
          "signals-icon-0": "/vis.0/Log-Script/lowbattery.png",
          "signals-icon-size-0": 0,
          "signals-blink-0": false,
          "signals-horz-0": 0,
          "signals-vert-0": 0,
          "signals-hide-edit-0": false,
          "signals-cond-1": "==",
          "signals-val-1": true,
          "signals-icon-1": "/vis.0/Log-Script/lowbattery.png",
          "signals-icon-size-1": 0,
          "signals-blink-1": false,
          "signals-horz-1": 0,
          "signals-vert-1": 0,
          "signals-hide-edit-1": false,
          "signals-cond-2": "==",
          "signals-val-2": true,
          "signals-icon-2": "/vis.0/Log-Script/lowbattery.png",
          "signals-icon-size-2": 0,
          "signals-blink-2": false,
          "signals-horz-2": 0,
          "signals-vert-2": 0,
          "signals-hide-edit-2": false,
          "lc-type": "last-change",
          "lc-is-interval": true,
          "lc-is-moment": false,
          "lc-format": "",
          "lc-position-vert": "top",
          "lc-position-horz": "right",
          "lc-offset-vert": 0,
          "lc-offset-horz": 0,
          "lc-font-size": "12px",
          "lc-font-family": "",
          "lc-font-style": "",
          "lc-bkg-color": "",
          "lc-color": "",
          "lc-border-width": "0",
          "lc-border-style": "",
          "lc-border-color": "",
          "lc-border-radius": 10,
          "lc-zindex": 0,
          "format_date": "DD.MM.YYYY -  hh:mm:ss Uhr ",
          "show_interval": false,
          "html_prepend": "<span style=\"color:#8f8f8f\">Last Script Update:</span><br>",
          "html_append": "",
          "name": "txtLastScriptUpdate"
        },
        "style": {
          "left": "30px",
          "top": "678px",
          "width": "198px",
          "height": "38px",
          "color": "#d5d4de",
          "text-align": "left",
          "font-family": "Jura-DemiBold",
          "font-size": "14px",
          "z-index": "50",
          "line-height": "1.4em"
        },
        "widgetSet": "basic"
      },
      "w00020": {
        "tpl": "tplHtml",
        "data": {
          "g_fixed": true,
          "g_visibility": false,
          "g_css_font_text": true,
          "g_css_background": true,
          "g_css_shadow_padding": false,
          "g_css_border": true,
          "g_gestures": false,
          "g_signals": false,
          "g_last_change": false,
          "visibility-cond": "==",
          "visibility-val": 1,
          "visibility-groups-action": "hide",
          "refreshInterval": "0",
          "signals-cond-0": "==",
          "signals-val-0": true,
          "signals-icon-0": "/vis.0/Log-Script/lowbattery.png",
          "signals-icon-size-0": 0,
          "signals-blink-0": false,
          "signals-horz-0": 0,
          "signals-vert-0": 0,
          "signals-hide-edit-0": false,
          "signals-cond-1": "==",
          "signals-val-1": true,
          "signals-icon-1": "/vis.0/Log-Script/lowbattery.png",
          "signals-icon-size-1": 0,
          "signals-blink-1": false,
          "signals-horz-1": 0,
          "signals-vert-1": 0,
          "signals-hide-edit-1": false,
          "signals-cond-2": "==",
          "signals-val-2": true,
          "signals-icon-2": "/vis.0/Log-Script/lowbattery.png",
          "signals-icon-size-2": 0,
          "signals-blink-2": false,
          "signals-horz-2": 0,
          "signals-vert-2": 0,
          "signals-hide-edit-2": false,
          "lc-type": "last-change",
          "lc-is-interval": true,
          "lc-is-moment": false,
          "lc-format": "",
          "lc-position-vert": "top",
          "lc-position-horz": "right",
          "lc-offset-vert": 0,
          "lc-offset-horz": 0,
          "lc-font-size": "12px",
          "lc-font-family": "",
          "lc-font-style": "",
          "lc-bkg-color": "",
          "lc-color": "",
          "lc-border-width": "0",
          "lc-border-style": "",
          "lc-border-color": "",
          "lc-border-radius": 10,
          "lc-zindex": 0,
          "html": "<h2>Info zu diesem Projekt</h2>\n<p>\n    Dies ist ein Beispiel für die VIS-Implementierung vom ioBroker Log-Script. \n    <a target=\"_blank\" href=\"https://github.com/Mic-M/iobroker.logfile-script\">Github: ioBroker Log File Script</a>\n    <br>\n    ioBroker Forum-Thread: <a target=\"_blank\" href=\"https://forum.iobroker.net/topic/13971/\">[Vorlage] JS: Log-Datei aufbereiten für VIS</a>\n</p>\n<p>\n    <strong>Wichtig:</strong> Material Design Widgets werden benötigt: <a target=\"_blank\" href=\"https://github.com/Scrounger/ioBroker.vis-materialdesign\">ioBroker Material Design Widgets</a> (von @Scrounger).\n</p>\n<p>\n    Danke an @dos1973 (<a target=\"_blank\" href=\"https://forum.iobroker.net/post/358742\">Link</a>) und @Glasfaser (<a target=\"_blank\" href=\"https://forum.iobroker.net/post/365355\">Link</a>) für die VIS-Design-Inspirationen (teils schamlos übernommen).\n</p>",
          "class": "noteProject",
          "name": "boxHinweis"
        },
        "style": {
          "left": "81px",
          "top": "816px",
          "width": "819px",
          "height": "225px",
          "font-family": "",
          "color": "white",
          "line-height": "1.4",
          "background-color": "",
          "background": "",
          "z-index": "2000"
        },
        "widgetSet": "basic"
      },
      "w00021": {
        "tpl": "tplHtml",
        "data": {
          "g_fixed": true,
          "g_visibility": false,
          "g_css_font_text": true,
          "g_css_background": false,
          "g_css_shadow_padding": false,
          "g_css_border": false,
          "g_gestures": false,
          "g_signals": false,
          "g_last_change": false,
          "visibility-cond": "==",
          "visibility-val": 1,
          "visibility-groups-action": "hide",
          "refreshInterval": "30000",
          "signals-cond-0": "==",
          "signals-val-0": true,
          "signals-icon-0": "/vis.0/Log-Script/lowbattery.png",
          "signals-icon-size-0": 0,
          "signals-blink-0": false,
          "signals-horz-0": 0,
          "signals-vert-0": 0,
          "signals-hide-edit-0": false,
          "signals-cond-1": "==",
          "signals-val-1": true,
          "signals-icon-1": "/vis.0/Log-Script/lowbattery.png",
          "signals-icon-size-1": 0,
          "signals-blink-1": false,
          "signals-horz-1": 0,
          "signals-vert-1": 0,
          "signals-hide-edit-1": false,
          "signals-cond-2": "==",
          "signals-val-2": true,
          "signals-icon-2": "/vis.0/Log-Script/lowbattery.png",
          "signals-icon-size-2": 0,
          "signals-blink-2": false,
          "signals-horz-2": 0,
          "signals-vert-2": 0,
          "signals-hide-edit-2": false,
          "lc-type": "last-change",
          "lc-is-interval": true,
          "lc-is-moment": false,
          "lc-format": "",
          "lc-position-vert": "top",
          "lc-position-horz": "right",
          "lc-offset-vert": 0,
          "lc-offset-horz": 0,
          "lc-font-size": "12px",
          "lc-font-family": "",
          "lc-font-style": "",
          "lc-bkg-color": "",
          "lc-color": "",
          "lc-border-width": "0",
          "lc-border-style": "",
          "lc-border-color": "",
          "lc-border-radius": 10,
          "lc-zindex": 0,
          "html": "Script is <span id=\"logScriptUpdateCheck\"></span>.\n<script>\n    // Siehe https://forum.iobroker.net/topic/29851/socket-io-state-lesen-und-setzen/\n    let objID = '0_userdata.0.Log-Script.All.lastTimeUpdated';\n    servConn.getStates(objID, (error, states) => {\n        let stateValue = states[objID].val;\n        let result;\n        if( (parseInt(stateValue)+30000) > Date.now() ) {\n            result = '<span style=\"color:#4fa16c\">active</span>'\n        } else {\n            result = '<span style=\"color:#ff0000\">inactive</span>'\n        }\n        document.getElementById('logScriptUpdateCheck').innerHTML = result;\n    });\n</script>",
          "name": "txtScriptStatus",
          "locked": false
        },
        "style": {
          "left": "30px",
          "top": "622px",
          "width": "171px",
          "height": "22px",
          "font-family": "Jura-DemiBold",
          "color": "#8f8f8f",
          "text-align": "left",
          "font-style": "normal",
          "font-variant": "normal",
          "font-weight": "normal",
          "font-size": "14px",
          "z-index": "100"
        },
        "widgetSet": "basic"
      }
    },
    "name": "Log-Script_new",
    "activeWidgets": [],
    "filterList": []
  }
}